Name,Min,Max,Median,Std. Dev.,Mean,IQR,Upper Face
2010 Census,4585,59466,12359,16616.0185844865,19442,18144.5,53278.25
Households with Under 18,746,7788,2646,2453.00306118476,3096.72727272727,86832,443232
Land Area,999.4971,6620.201916,2748.8529,1617.46034249053,3006.48912627273,2710,8102
Population Density,1.46,20.34,2.78,5.8496845291784,5.70909090909091,1643.187226,5969.689139
Total Families,1744.08,14612.64,5556.49,3816.04966031056,5695.70818181818,5.67,15.895
Total Pawdacity Sales,185328,917892,283824,213538.712214564,343027.636363636,4457.395,14066.8975
